{
    "Units": "s",
    "Web-Scrape-Timings": [
        2.116670608520508,
        2.1945157051086426,
        2.911982774734497,
        3.406017303466797,
        3.551133155822754,
        5.613513946533203,
        5.641504764556885,
        77.30016446113586
    ],
    "Web-Scrape": 12.841937839984894,
    "Web-Scrape-Time": 3.6336197512490407,
    "Map-Timings": [
        0.017192840576171875,
        0.010284900665283203,
        0.02409529685974121,
        0.007012605667114258,
        0.02400374412536621,
        0.02401876449584961,
        0.016180992126464844,
        0.007998228073120117
    ],
    "Map": 0.016348421573638916,
    "Shuffle": 0.2495896816253662,
    "Reduce": 0.34534335136413574
}